record_id,tar_tfidf_logreg_score,is_relevant
#1,0.29405607288227126,0
#10,0.4646413903123158,0
#100,0.20954596154638044,0
#1000,0.08745534076704643,0
#1001,0.08080923440872649,0
#1002,0.30440504083714887,0
#1003,0.10594889166541602,0
#1004,0.07991015105257097,0
#1005,0.07713873679114111,0
#1006,0.12870826560229837,0
#1007,0.39564998564628245,0
#1008,0.09440280317635044,0
#1009,0.10793144761234029,0
#101,0.07894837041549049,0
#1010,0.18907490268272464,0
#1011,0.20162819577647786,0
#1012,0.13137048500843831,0
#1013,0.20116342305912469,0
#1014,0.13151731879177925,0
#1015,0.08504409507445418,0
#1016,0.07541196261597559,0
#1017,0.3100855121534481,0
#1018,0.13455814749954936,0
#1019,0.08678494906679164,0
#102,0.17018091216309666,0
#1020,0.21324508350107804,0
#1021,0.14612402546550546,0
#1022,0.13492003344723613,0
#1023,0.4350419570630976,0
#1024,0.1138370029501786,0
#1026,0.1799374092443727,0
#1027,0.07926930370091059,0
#1028,0.1175736771895277,0
#1029,0.13200213205866337,0
#103,0.1664200536771232,0
#1030,0.30375666688520725,0
#1031,0.05856540156270798,0
#1032,0.09589622305769202,0
#1033,0.5524510563460698,0
#1034,0.13757633423429416,0
#1035,0.07344283552755461,0
#1036,0.061942876384246975,0
#1037,0.15337503631832733,0
#1038,0.1272869445128635,0
#1039,0.43790534693779054,0
#104,0.32964110288743437,0
#1040,0.19362245107262047,0
#1041,0.08237712230801189,0
#1042,0.22442476042974951,0
#1043,0.11037752761955728,0
#1044,0.09722354618658466,0
#1045,0.06877172023653788,0
#1046,0.1129845529419871,0
#1047,0.205965964888746,0
#1048,0.3438203926084125,0
#1049,0.15002277971414882,0
#105,0.1508379695795951,0
#1050,0.10399303139721404,0
#1051,0.13511888219383647,0
#1052,0.10607740360639009,0
#1053,0.2783829707025675,0
#1054,0.10558225826781914,0
#1055,0.10893008083660496,0
#1056,0.3118982542898352,0
#1057,0.7019897452875951,0
#1058,0.11789757756860506,0
#1059,0.09292638403634987,0
#106,0.25699446854819885,0
#1060,0.15293370771168616,0
#1061,0.12634183447089306,0
#1062,0.11397577907599925,0
#1063,0.25019870693829843,0
#1064,0.0917813812284207,0
#1065,0.23523029741287735,0
#1066,0.19904311322012372,0
#1067,0.15704397029348843,0
#1068,0.24162052442742477,0
#1069,0.1281421371004739,0
#107,0.2147315982016437,0
#1070,0.11114830358293278,0
#1071,0.30006866186487086,0
#1072,0.10752657802498262,0
#1073,0.305732552963956,0
#1074,0.11435007881645433,0
#1075,0.21215339420326573,0
#1076,0.1457669313224296,0
#1077,0.16557070170625,0
#1078,0.37680824598282703,1
#1079,0.14299277128790683,0
#108,0.4081881503616646,1
#1080,0.10164845294123408,0
#1081,0.1122686207322077,0
#1082,0.11609780250106937,0
#1083,0.0871929472673396,0
#1084,0.0746110621699488,0
#1085,0.10413537281129763,0
#1086,0.10473123815120024,0
#1087,0.3845653509342779,0
#1088,0.09507660944921567,0
#1089,0.1710221375964021,0
#109,0.7812234406343694,1
#1090,0.07555439311339326,0
#1091,0.086824939082236,0
#1092,0.09599734581021895,0
#1093,0.11315613505031775,0
#1094,0.1420019157086736,0
#1095,0.38500817103583757,0
#1096,0.08753782601336396,0
#1097,0.13244037653902652,0
#1098,0.0691302463709973,0
#1099,0.2786664167834513,0
#11,0.5284473240832606,0
#110,0.07067551635232094,0
#1100,0.08653242845913629,0
#1101,0.07916004048391488,0
#1102,0.1283123012465697,0
#1103,0.11635650737582563,0
#1104,0.1482080954033862,0
#1105,0.20263187045490444,0
#1106,0.10914154785172271,0
#1107,0.38854818518957607,0
#1108,0.10438557099945862,0
#1109,0.05277875079275308,0
#111,0.498003179343986,1
#1110,0.1125063867394764,0
#1111,0.09660692651081114,0
#1112,0.09117062768708889,0
#1113,0.1221346296883607,0
#1114,0.1149308068037316,0
#1115,0.10251772380694413,0
#1116,0.20827490780824248,0
#1117,0.10665240476380575,0
#1118,0.15623157632671375,0
#1119,0.10805142840178585,0
#112,0.13252186017138226,0
#1120,0.12365550907849825,0
#1121,0.3411331389121578,0
#1122,0.33587395440569173,0
#1123,0.5703042623689134,1
#1124,0.17706586007975508,0
#1125,0.43318706673974194,1
#1126,0.06533586556140529,0
#1127,0.09535321916241875,0
#1128,0.0781433418928223,0
#1129,0.09414839002178534,0
#113,0.21659867342330905,0
#1130,0.1533105357704205,0
#1131,0.10510524141699096,0
#1132,0.09777446614851847,0
#1133,0.13775782777713702,0
#1134,0.06560047481928348,0
#1135,0.1627047074514223,0
#1136,0.14911890680029558,0
#1137,0.11330535154820462,0
#1138,0.10979521543804117,0
#1139,0.23032110229044114,0
#114,0.12807608333923384,0
#1140,0.10308011702254427,0
#1141,0.2184728173312518,0
#1142,0.1582740684238968,0
#1143,0.35452587681476716,1
#1144,0.09599219164873561,0
#1145,0.10097579489169108,0
#1146,0.1301820325720827,0
#1147,0.10362358614533529,0
#1148,0.06838470610668806,0
#1149,0.5730323325743589,1
#115,0.26137084507590513,0
#1150,0.08653401069883057,0
#1151,0.077267316523598,0
#1152,0.34562882887761226,0
#1153,0.1653195477525107,0
#1154,0.17969208919748897,0
#1156,0.21900400463208677,0
#1157,0.14523067643880247,0
#1158,0.2088081651420192,0
#1159,0.08472701572595048,0
#116,0.24491057490156679,0
#1160,0.0791340703758223,0
#1161,0.12336823048906084,0
#1162,0.14672282417108357,0
#1163,0.17066621422360972,0
#1164,0.12409210119791067,0
#1165,0.08125123691465069,0
#1166,0.09477356864161993,0
#1167,0.12618034235824765,0
#1168,0.10165507089826353,0
#1169,0.10985776609313118,0
#117,0.6198610924331666,1
#1170,0.07070126276617923,0
#1171,0.07668812652914893,0
#1172,0.09091529364352952,0
#1173,0.08864350370839479,0
#1174,0.11188362413980771,0
#1175,0.06530815907519052,0
#1176,0.23978710181399532,0
#1177,0.1298531681774597,0
#1178,0.11210190133040614,0
#1179,0.09505366583240399,0
#118,0.43319612999105445,0
#1180,0.17239601049369685,0
#1181,0.09163762764494005,0
#1182,0.08757001291433142,0
#1183,0.04521145390773584,0
#1184,0.2053274618202332,0
#1185,0.12001754983422348,0
#1186,0.12390286488164268,0
#1187,0.11930926354983457,0
#1188,0.1558898676977593,0
#1189,0.12607125742311434,0
#119,0.5360206016947322,0
#1190,0.09621543482358622,0
#1191,0.09928794466842965,0
#1192,0.0942933123883595,0
#1193,0.17340278518363852,0
#1194,0.08936400521578686,0
#1195,0.22167528653420487,0
#1196,0.2084990040499674,0
#1197,0.4386722066263678,0
#1198,0.10356820975140317,0
#1199,0.2922740999418643,0
#12,0.47319810086060976,0
#120,0.41897975716248237,0
#1200,0.08871998082635911,0
#1201,0.29665427617254075,0
#1203,0.2240073468242012,0
#1204,0.0787146946727728,0
#1205,0.16969809779409373,0
#1206,0.09554976260259827,0
#1207,0.6208230904181631,0
#1208,0.117899606962434,0
#1209,0.10135852972896732,0
#121,0.1889277114276468,0
#1210,0.14136477083706867,0
#1211,0.15671761367671005,0
#1212,0.2731555196352064,0
#1213,0.12302236791681749,0
#1214,0.08451203302198596,0
#1215,0.08840366536533717,0
#1216,0.16691160200249466,0
#1217,0.44590652537179654,0
#1218,0.19592226759452228,0
#1219,0.119801885432798,0
#122,0.1603063779829042,0
#1220,0.06615555972620177,0
#1221,0.09298908213562133,0
#1222,0.14001505426822394,0
#1223,0.07521991014241106,0
#1224,0.28327543859775234,1
#1225,0.11543765412446498,0
#1226,0.3239128979297793,0
#1227,0.1864344104081709,0
#1228,0.10403341313961455,0
#1229,0.09664310326367088,0
#123,0.5989202257949185,1
#1230,0.11474841393128492,0
#1231,0.3145497840187963,0
#1232,0.15228038563256835,0
#1233,0.1469450314264823,0
#1234,0.14117646815750742,0
#1235,0.1344393816921127,0
#1236,0.10065862226384675,0
#1237,0.09917530291696833,0
#1238,0.08997189888479046,0
#1239,0.1434018916829886,0
#124,0.19303216332006307,0
#1240,0.16011931328211856,0
#1241,0.0840744843696583,0
#1242,0.389425784134339,0
#1243,0.14389070973286966,0
#1244,0.08229606695526621,0
#1245,0.1090198735889575,0
#1246,0.064510400566585,0
#1247,0.14091299066865365,0
#1248,0.06705886591960716,0
#1249,0.0804309527680457,0
#125,0.10430678954748922,0
#1250,0.16837668675959686,0
#1251,0.13454394737791595,0
#1252,0.12593326674854177,0
#1253,0.05408824346149753,0
#1254,0.08904002516078975,0
#1255,0.20101322546321443,0
#1256,0.08247170225362886,0
#1257,0.22680716942910467,0
#1258,0.09831507922447633,0
#1259,0.14229565041366585,0
#126,0.3054312186101463,0
#1260,0.1186260120793953,0
#1261,0.08431908704199433,0
#1262,0.10263809233779589,0
#1263,0.13281099620543124,0
#1264,0.11387562500799749,0
#1265,0.06577017516155005,0
#1266,0.3279763550950113,0
#1267,0.11263305882657929,0
#1268,0.1485725970746299,0
#1269,0.29786963732437943,0
#127,0.12825050590509957,0
#1270,0.2171407782985815,0
#1271,0.16827298160575624,0
#1272,0.2342656760769899,0
#1273,0.1260528799970347,0
#1274,0.07114329362015519,0
#1275,0.1035863896348576,0
#1276,0.11538235421672856,0
#1277,0.0647454630102396,0
#1278,0.06521699878951245,0
#1279,0.19339731532690946,0
#128,0.12550693927306597,0
#1280,0.26726272371492116,0
#1281,0.1036335962984886,0
#1282,0.08387104803496771,0
#1283,0.08747117067739035,0
#1284,0.15708438737599364,0
#1285,0.09200757156163265,0
#1286,0.12764483432544393,0
#1287,0.09797220616416849,0
#1288,0.10134496954650518,0
#1289,0.22987330302270312,0
#129,0.13458950967006952,0
#1290,0.37758116404281983,0
#1291,0.16736542790007047,0
#1292,0.17869200926921314,0
#1293,0.09032091012000625,0
#1294,0.12847971028605412,0
#1295,0.11530655941715033,0
#1296,0.18546098989967857,0
#1297,0.09911957594281073,0
#1298,0.11442342714693586,0
#1299,0.06938849773837583,0
#13,0.2417958549565305,0
#130,0.1272242106947332,0
#1300,0.07412580419924464,0
#1301,0.4341026434994486,0
#1302,0.08846858173652475,0
#1303,0.36114452807321057,0
#1304,0.1441421134311083,0
#1305,0.12440256881762787,0
#1306,0.414602699955286,1
#1307,0.2881151979496192,0
#1308,0.10959008320894328,0
#1309,0.16622677672106495,0
#131,0.20806810382560473,0
#1310,0.05559014442207309,0
#1311,0.0969558722896643,0
#1312,0.22147803351549958,0
#1313,0.3298725918414275,0
#1314,0.15398634317323998,0
#1315,0.07231377802217434,0
#1316,0.14953179149749898,0
#1317,0.10834055055059233,0
#1318,0.18220622106199616,0
#1319,0.09188186196427682,0
#132,0.6567375736493781,1
#1320,0.24887709309247483,0
#1321,0.07380537432744347,0
#1322,0.08634752051668468,0
#1323,0.1912524568655469,0
#1324,0.09185402006787272,0
#1325,0.09526430887542212,0
#1326,0.10409488481971431,0
#1327,0.2845000211398098,0
#1328,0.05767716202496953,0
#1329,0.1152133235727712,0
#133,0.32868737187911073,0
#1330,0.2132992423137141,0
#1331,0.14566745447587778,0
#1332,0.1578975798352108,0
#1333,0.285155883895498,0
#1334,0.0677502576507438,0
#1335,0.15656690082021957,0
#1336,0.11013728570177633,0
#1337,0.1496540524150893,0
#1338,0.15944504388218078,0
#1339,0.1027249232360605,0
#134,0.24447041707745365,0
#1340,0.13285704446871274,0
#1341,0.2856164926485842,0
#1342,0.11211243826680822,0
#1343,0.0942225020331893,0
#1344,0.07601140138155177,0
#1345,0.07462371511027176,0
#1346,0.1162818613093365,0
#1347,0.07219458859067007,0
#1348,0.10959177943546025,0
#1349,0.08989313399881066,0
#135,0.3773715967948394,0
#1350,0.5690124304665116,0
#1351,0.11672868815517543,0
#1352,0.09011594652211072,0
#1353,0.643580891096555,0
#1354,0.07172900456164404,0
#1355,0.0892148364703225,0
#1356,0.18494332306857922,0
#1357,0.10606885038297371,0
#1358,0.10376723313628888,0
#1359,0.10957000492834729,0
#136,0.21894184457462443,0
#1360,0.09881823284845706,0
#1361,0.2124623561328369,0
#1362,0.12526230604240982,0
#1363,0.1096842235112804,0
#1364,0.09802520155466744,0
#1365,0.08078961988550029,0
#1366,0.14874990926389473,0
#1367,0.055630291697811945,0
#1368,0.10670580611352005,0
#1369,0.09893967014611246,0
#137,0.18098832232951612,0
#1370,0.2914503690790914,0
#1371,0.14650556536396397,0
#1372,0.08575159022683862,0
#1373,0.12255309945688034,0
#1374,0.07404314060450014,0
#1375,0.44844061066030255,0
#1376,0.07954795663230178,0
#1377,0.1275722121812132,0
#1378,0.20885714643667014,0
#1379,0.06564500059240283,0
#138,0.15078910115582048,0
#1380,0.22508603950853143,0
#1381,0.09981326473195223,0
#1382,0.07534789932972849,0
#1383,0.08021825801127383,0
#1384,0.10383119575034225,0
#1385,0.09647149284069596,0
#1386,0.09834505853376847,0
#1387,0.4317580649276652,0
#1388,0.1442964225407285,0
#1389,0.12943523278530036,0
#139,0.2132395806863364,0
#1390,0.09304783416607135,0
#1391,0.15694506792779597,0
#1392,0.08777843847674742,0
#1393,0.11260307617773023,0
#1394,0.25563423861801415,0
#1395,0.5466366422654301,1
#1396,0.08609604973207574,0
#1397,0.11082336770733006,0
#1398,0.1137062935804204,0
#1399,0.0845197452650983,0
#14,0.2448892926142549,0
#140,0.39033795988888914,0
#1400,0.07719399418154063,0
#1401,0.11333819804251037,0
#1402,0.08388876583638323,0
#1403,0.08570395719522905,0
#1404,0.07450403747527282,0
#1405,0.07538045755813227,0
#1406,0.08515190574199738,0
#1407,0.05626538199372958,0
#1408,0.07231736174083822,0
#1409,0.109652038564712,0
#141,0.1263076426951815,0
#1410,0.06743400432979631,0
#1411,0.08670743833587816,0
#1412,0.07029566150646731,0
#1413,0.06560336262078717,0
#1414,0.07247116641685682,0
#1415,0.11444903982355804,0
#1416,0.1335326168742331,0
#142,0.24674793455696362,1
#1421,0.21048612897985144,0
#1425,0.6155734160711221,1
#1428,0.7163359409353826,0
#143,0.18870869534490292,0
#1437,0.19077373569810452,0
#144,0.21460651221843122,0
#1449,0.17201560284815628,0
#1451,0.5052091444464795,0
#146,0.22947860010087642,0
#1464,0.7169461222726451,0
#1466,0.6660812585769356,0
#1469,0.21297273813649584,0
#147,0.12841317364801244,0
#1470,0.5169780265599158,1
#1475,0.8548238800907001,1
#148,0.6873006469130187,0
#1481,0.21175128566408066,0
#149,0.29011574062188444,0
#1490,0.2380544583536141,0
#1498,0.4175776455349494,0
#15,0.7481914082550212,0
#150,0.8484337661247685,1
#1502,0.31371522570123117,0
#1504,0.3310065783462946,0
#151,0.2526590207915022,0
#1511,0.1565067230668416,0
#1512,0.7064700984983331,1
#1514,0.457849245265902,0
#1519,0.07605531097632945,0
#152,0.12907186971661075,0
#1520,0.6139334214303487,0
#1521,0.26325479126018114,0
#1527,0.33763165431255543,0
#1529,0.165989525231037,0
#153,0.07936762801767495,0
#1531,0.22159477332083005,0
#1533,0.08399270544000834,0
#1534,0.19146859462654123,0
#1536,0.5665405127719765,0
#1537,0.11383636843682773,0
#1539,0.1839939773963425,0
#154,0.6536978497592458,0
#1542,0.09321744099106476,0
#1543,0.18731263069917575,0
#1545,0.17488803760162033,0
#1547,0.1692313546079455,0
#1548,0.2060740302506757,0
#1549,0.2842502301278309,0
#155,0.5260424440433807,0
#1550,0.5611073743613194,0
#1551,0.36062221947912354,0
#1552,0.11349463406089243,0
#1553,0.11571302333318052,0
#1555,0.15869225789857236,0
#1558,0.15760741925319882,0
#156,0.0946765249511268,0
#1563,0.19125628057558122,0
#1564,0.19098822412799407,0
#1566,0.16709083254486395,0
#1567,0.10108030564325501,0
#1568,0.17605678139311473,0
#157,0.8608959598080108,0
#1570,0.10115475815985141,0
#1571,0.17147706220425069,0
#1572,0.3289493007092419,0
#1574,0.11530044733219318,0
#1577,0.4399210262540628,1
#158,0.10327386147293986,0
#1581,0.2715416969205253,0
#1584,0.07966384870366755,0
#1586,0.11878271236156936,0
#1589,0.18198222510194606,0
#159,0.7611457160416076,0
#1594,0.13101249986917293,0
#1595,0.12016160243440326,0
#1597,0.4725496933579375,0
#1598,0.10226282853779423,0
#16,0.14736951124494735,0
#160,0.14945891189153337,0
#1600,0.4372746905722726,0
#1601,0.09881887783389659,0
#1603,0.09114891735922488,0
#1604,0.45163713009982975,0
#1606,0.1301685364265383,0
#1609,0.10109682411098424,0
#161,0.07354049420524847,0
#1610,0.32003943177726624,0
#1613,0.0788808575771625,0
#1616,0.18048253914360704,0
#1618,0.21545614825973183,0
#162,0.15742541697000575,0
#1620,0.2960488093825478,0
#1621,0.09466442188567173,0
#1624,0.6285836592232172,0
#1626,0.1267000927968582,0
#1629,0.0984624121837183,0
#163,0.3935516883404896,0
#1634,0.7353615040310583,1
#1635,0.09024698644720398,0
#1639,0.11579942756297983,0
#164,0.1920839249061909,0
#1640,0.20291630101420985,0
#1641,0.11560006199449742,0
#1643,0.13569465820647633,0
#1648,0.07784805272852924,0
#1649,0.11826408382602882,0
#1650,0.12763498270841936,0
#1657,0.12425894155309987,0
#1658,0.17294678160244778,0
#166,0.12096190159759718,0
#1660,0.11006881636269306,0
#1661,0.17482882931287821,0
#1662,0.11520732703339777,0
#1663,0.08927996765411028,0
#1666,0.596361200856574,0
#1667,0.16444139773229483,0
#167,0.29968054763993074,1
#1671,0.07941744955202262,0
#1674,0.09789615380078699,0
#1677,0.3145200257957355,0
#1678,0.22569345868717525,0
#168,0.1489074580860457,0
#1680,0.17987835460656448,0
#1683,0.4948275426094732,0
#1684,0.06730468942667774,0
#1687,0.15350792164133295,0
#1689,0.10781796927118845,0
#169,0.3268657538168446,0
#1691,0.4843874386736625,0
#1692,0.07056786882848182,0
#1696,0.45251575475154293,0
#1698,0.10829503112130508,0
#17,0.23444352401347993,0
#170,0.41693338896733484,0
#1701,0.12808441946051077,0
#1702,0.1819939133904573,0
#1703,0.05143994572238177,0
#1705,0.0867624177645747,0
#1706,0.10553504609262519,0
#1709,0.065340817162096,0
#171,0.10201244280677832,0
#1711,0.09493697945004861,0
#1714,0.5805125513556066,0
#1715,0.05364561815761521,0
#1718,0.0690509032047624,0
#1719,0.19913350655011042,0
#172,0.3796455319783535,0
#1721,0.08966090796125842,0
#1725,0.1105355339321783,0
#1726,0.367468479210031,0
#1728,0.049401044067297575,0
#173,0.3642846361771922,0
#1730,0.14619327805602672,0
#1732,0.3877996092900138,0
#1733,0.553507073782299,0
#1735,0.10671187977055184,0
#1736,0.1929231109336254,0
#1737,0.4912635261447364,0
#1738,0.05756202203288764,0
#174,0.15985117622477826,0
#1740,0.07980088801813452,0
#1741,0.07256842753104485,0
#1743,0.29641399256862344,0
#1745,0.13936227830487125,0
#1746,0.07921212809221831,0
#1747,0.09048998353907327,0
#1748,0.24260735674677625,0
#1749,0.12074134142308926,0
#175,0.17372416459821824,0
#1751,0.10949471617414473,0
#1752,0.14041052646094984,0
#1753,0.4296507419804034,0
#176,0.18143145030342328,0
#1760,0.0693780132727475,0
#1761,0.08684667490531645,0
#1762,0.0616446978951844,0
#1763,0.08793752762084352,0
#1765,0.12441414132180402,0
#1766,0.16950181930169347,0
#1767,0.22751590423926435,0
#1769,0.22706407229109418,0
#1774,0.11416357534536045,0
#178,0.18800804692664982,0
#1782,0.07036380351998049,0
#1783,0.10914031329550118,0
#1786,0.09284064934990043,0
#1787,0.12522847755056296,0
#1789,0.1237866745090438,0
#179,0.11518209292747283,0
#1794,0.11229141027222901,0
#1796,0.08436509144505795,0
#18,0.23657838170198756,0
#180,0.09097213529043403,0
#1803,0.1037073029760521,0
#181,0.24663753715150546,0
#1813,0.34646414808311327,0
#182,0.15780617782424838,0
#1829,0.21764136357900743,0
#183,0.2594686359866632,0
#1834,0.14446191138787515,0
#184,0.5972733580116616,0
#1842,0.08040880445755177,0
#1844,0.39786401322180626,0
#1848,0.20703533420091833,0
#185,0.09072189865190135,0
#1851,0.07523702715680579,0
#1855,0.08230736907379402,0
#1858,0.1192745203851785,0
#186,0.43967008453871936,0
#1862,0.12949726953948718,0
#1864,0.1642923734257914,0
#187,0.8529351518371707,1
#1870,0.14934418777859915,0
#1872,0.10860401853324927,0
#188,0.10726741924807964,0
#1883,0.059707780053215156,0
#1888,0.11838891114647115,0
#189,0.272520535051673,0
#1891,0.1341947729176935,0
#1894,0.09086656612672249,0
#1895,0.14988963075841719,0
#1896,0.09402718203755774,0
#19,0.8669699475425529,1
#190,0.8428856724295551,1
#1901,0.3181871432593195,0
#1907,0.14181618499278423,0
#191,0.8802790588609883,1
#1913,0.1440623884060591,0
#192,0.16381884243380146,0
#1927,0.13646323182959783,0
#193,0.16508236848124755,0
#1932,0.06460805982808518,0
#1933,0.11565410060446396,0
#1935,0.06844253359395079,0
#1936,0.09768819237743641,0
#1938,0.05715112142916622,0
#194,0.6646351127725799,1
#1941,0.09160478534741347,0
#1942,0.09988887848332036,0
#195,0.10119550385662883,0
#1952,0.1324614064603062,0
#1954,0.12974715573517823,0
#196,0.5911860573229618,1
#1962,0.05757019299275953,0
#1967,0.09251086654002115,0
#197,0.6322312430752567,1
#1972,0.09017790557190292,0
#1974,0.22890157654272583,0
#198,0.8805077797084714,1
#1980,0.13995220451269594,0
#1981,0.0953097526730425,0
#1982,0.056924392618564114,0
#1985,0.09028563926269759,0
#1993,0.08102856333248507,0
#1997,0.7864121268058368,1
#2,0.1750337478516377,0
#20,0.5897260298620647,0
#200,0.13244986298909278,0
#2000,0.38850969707469185,1
#2002,0.4142695021538605,0
#2006,0.08686375764941152,0
#201,0.226632101440567,0
#202,0.7666107568687721,1
#2023,0.1165355352376175,0
#2026,0.1406083715191682,0
#203,0.1043041579229331,0
#204,0.364474766801086,0
#2044,0.09717741259534561,0
#2048,0.14747258831213603,0
#205,0.45302442435843376,0
#206,0.5433157859977418,0
#2064,0.36765322034017434,0
#2068,0.16429728489258302,0
#207,0.20030466933887542,0
#2071,0.11988003180321798,0
#2073,0.07635124252717077,0
#2075,0.10591542002012197,0
#208,0.1142226580695561,0
#2088,0.13945479010378803,0
#209,0.1853318650967366,0
#2093,0.28296266959075245,0
#2095,0.37964757309808106,0
#2096,0.08289473813934771,0
#2098,0.15136785470199443,0
#21,0.3024404090352923,0
#210,0.8768331277396523,1
#2105,0.06314914174263372,0
#2108,0.29584051888946916,0
#211,0.6217506180549977,1
#2111,0.07034426635670489,0
#212,0.39795114616083993,0
#2124,0.19961355221991528,0
#213,0.7308456053160688,1
#2138,0.1088739760564485,0
#214,0.10054541273049349,0
#2141,0.06577533934121735,0
#215,0.36663492718904417,0
#216,0.2330731064163409,0
#217,0.19783001658321395,0
#2174,0.14518021647685098,0
#2179,0.09074951858341167,0
#218,0.10401071813531701,0
#2184,0.08175041476745877,0
#219,0.3165296018847417,0
#2191,0.06386863764829688,0
#2193,0.09515179455435825,0
#2195,0.093104498611752,0
#2199,0.08782075837195796,0
#22,0.32196521764319835,0
#220,0.20859320577078422,0
#2200,0.20444472553437382,0
#2203,0.18300111148563447,0
#221,0.8165374369757109,1
#2211,0.07634144799953753,0
#2218,0.0781979827345446,0
#222,0.5424482741317246,1
#2224,0.5474785806243748,1
#2226,0.07658070155217361,0
#2227,0.3214412308386795,0
#223,0.35754971753060344,0
#2231,0.10353710445189587,0
#2233,0.13023021454845063,0
#2237,0.07500216277319627,0
#224,0.30903540833109483,0
#2245,0.5372026360086404,0
#2249,0.28013366026349795,0
#225,0.08969112018107823,0
#2253,0.1348914631078943,0
#2254,0.4303469220860712,0
#226,0.1897302127069315,0
#2265,0.2041482508639436,0
#2266,0.18369790300418024,0
#2267,0.09631519669889457,0
#227,0.4783226232049395,1
#2275,0.3293999359793423,0
#2278,0.14467719557304093,0
#228,0.13955890753842468,0
#2282,0.17730591917214808,0
#229,0.09766513542365932,0
#2290,0.13065565714748628,0
#2294,0.0943063729529941,0
#2295,0.11737283565695857,0
#2296,0.07315227087411974,0
#23,0.2684003997343329,0
#230,0.15656758875198404,0
#2300,0.44503411726007297,0
#2307,0.1250206585473307,0
#2308,0.0889649464077922,0
#231,0.13303175803515926,0
#2310,0.10051487810350292,0
#2312,0.491358649422605,0
#2314,0.1903201234703266,0
#2317,0.10806656764875441,0
#232,0.3605238528275546,0
#2324,0.2407675580786089,0
#233,0.4227878616793176,0
#2334,0.3444801118919966,0
#234,0.2433058931688204,0
#2340,0.10493026486727844,0
#2344,0.0950448226529027,0
#235,0.23022023314375092,0
#2353,0.07054683868192754,0
#236,0.33531485080883694,0
#2364,0.6173879851974747,1
#2366,0.5714380770286472,0
#2368,0.3824052648050963,0
#2372,0.15148723297703076,0
#2373,0.11183583361394347,0
#2377,0.06520576207008506,0
#2379,0.27119780751360756,0
#238,0.29721670930674804,0
#2382,0.2978363228612856,0
#2389,0.32188047111206175,0
#239,0.16622677672106495,0
#2390,0.09397342835530037,0
#2391,0.09334423504124821,0
#24,0.29509981648246486,0
#240,0.8363661386079476,0
#2402,0.7816543723932238,0
#2403,0.050993982082316036,0
#241,0.1042940053787683,0
#2410,0.32433291006671583,0
#2416,0.170269693539484,0
#242,0.43214536308903784,0
#2422,0.10075097646046456,0
#2425,0.09839057198467636,0
#243,0.5599242786314909,1
#244,0.7634526146472767,1
#245,0.09932152059638763,0
#2454,0.2956937477073445,0
#2455,0.11153970324192457,0
#2456,0.10045968022739336,0
#2458,0.3168070573906541,0
#246,0.08796429157748074,0
#2460,0.14862662302127047,0
#2467,0.10753016505950819,0
#2469,0.2685563742067695,0
#247,0.09460150858685866,0
#248,0.34557349351530253,0
#2482,0.16032037909986777,0
#249,0.14743602209125,0
#2490,0.12277229655301002,0
#2492,0.1872010775548132,0
#2494,0.207698787975716,0
#25,0.6115473630981767,0
#250,0.16541028858886686,0
#2502,0.22763395526769722,0
#2504,0.06524145428754227,0
#2505,0.27770213539743827,0
#2506,0.13735178661716307,0
#251,0.41851928907798697,0
#2511,0.19164718572024556,0
#2512,0.09007946557030574,0
#2515,0.26729416653956717,1
#2519,0.0604440079518638,0
#252,0.20527941402541433,0
#2520,0.17963541747921632,0
#253,0.3454844349772546,0
#2536,0.3240247293482194,0
#254,0.1560595853498551,0
#2545,0.5041030215004143,0
#2549,0.07706203162890979,0
#255,0.3549405643820236,0
#2550,0.1667774245849104,0
#2551,0.10436558962037572,0
#2556,0.2498799515498558,0
#2557,0.07637329346096274,0
#256,0.20976107408406966,0
#2566,0.1458731058770024,0
#257,0.3450180468420454,1
#2576,0.1842317768427076,0
#2577,0.07102489553466063,0
#258,0.14461467732127423,0
#2584,0.08907007574319192,0
#2585,0.1730856982589627,0
#2586,0.12534994295578739,0
#259,0.7469460679420077,1
#2590,0.5379764211034797,0
#2593,0.14012030323944594,0
#2594,0.07450466159099578,0
#2596,0.15821449074723135,0
#26,0.23405101715282156,0
#260,0.4698662259408773,0
#2603,0.14935621730245838,0
#2604,0.14241683218865686,0
#261,0.09637389814266827,0
#2614,0.22577345215734346,0
#2615,0.14133254292365185,0
#2616,0.3089490439636423,0
#2617,0.10835607670715704,0
#262,0.5493354747033885,0
#2620,0.10738769537279369,0
#2621,0.11574099395880597,0
#2622,0.08918135728017258,0
#2624,0.44572017457725177,0
#2625,0.1206963458257636,0
#2626,0.07900921446442957,0
#263,0.4165752917817121,0
#2630,0.13267772497514801,0
#2633,0.25688502624134907,0
#2638,0.22286906138931736,0
#264,0.6171746356187133,1
#2644,0.38365388759896485,0
#2645,0.12338197098444006,0
#2646,0.17845524417750577,0
#2647,0.37192688038834615,0
#265,0.1299681695511578,0
#2650,0.1460621650685455,0
#2651,0.13957252279815557,0
#2654,0.09920903235508549,0
#2655,0.18238879416833298,0
#2656,0.12045004926598102,0
#266,0.23463192125880455,0
#2660,0.07761230160894877,0
#2662,0.24022168786575385,0
#2663,0.30102913418845745,0
#2664,0.1771798226206845,0
#2667,0.09395313392133983,0
#2668,0.13830638715051244,0
#267,0.09833727991915728,0
#2672,0.06393618881332934,0
#2673,0.10729809915208041,0
#2676,0.16498885720345693,0
#2678,0.07462010760611101,0
#268,0.48471189933476605,0
#2685,0.09124826445086555,0
#269,0.13358427641627427,0
#2691,0.14233947121060944,0
#2699,0.10315784418822573,0
#27,0.4030984197457426,0
#270,0.13749960620758983,0
#2700,0.07784618067980181,0
#2703,0.11640542254987447,0
#2704,0.09742108607247124,0
#2705,0.11546594973017131,0
#2708,0.09502794890039086,0
#2709,0.1516159971403062,0
#271,0.551281954436823,0
#2715,0.23636307062375045,0
#2716,0.13243578611242585,0
#272,0.14739024080594995,0
#2723,0.0718215809583706,0
#273,0.19812074940689164,0
#2730,0.09548741760782249,0
#2735,0.10619390944160986,0
#2736,0.0694746418664283,0
#274,0.17889112946799443,0
#2740,0.15945303875404684,0
#2744,0.3319241446652909,0
#2746,0.27148248607804487,0
#2748,0.19776937666286482,0
#2749,0.30467037358509214,0
#275,0.49831668463869394,1
#2755,0.28793600913182804,0
#2759,0.12584270807743342,0
#276,0.10043738555243203,0
#2761,0.3792315386488718,0
#2766,0.0735314675236753,0
#2769,0.09580440892677441,0
#277,0.5576381125885959,1
#2772,0.11446636993915169,0
#2776,0.16120955239086274,0
#2779,0.12907460434038565,0
#278,0.5447099468108064,0
#2782,0.09456974893340753,0
#2789,0.14671149039617828,0
#279,0.7402769467734415,1
#2793,0.09239580483982723,0
#2794,0.19120520255212503,0
#2795,0.1181292159247919,0
#28,0.3555542341625525,0
#280,0.22058912039409592,0
#2800,0.1585899661203487,0
#2801,0.10198030116117154,0
#2805,0.12437057789348836,0
#2807,0.12598878371838554,0
#2809,0.4587286797871642,0
#281,0.43653228396534444,0
#2811,0.16806700030937421,0
#2812,0.1182575178287948,0
#2813,0.16794531324358367,0
#2815,0.10710699796831699,0
#2816,0.09171336397424398,0
#2817,0.1573953367807982,0
#282,0.09532877002127588,0
#2824,0.1833712218066204,0
#2827,0.08984131965449946,0
#2828,0.3208019584174582,1
#2829,0.10810860432096195,0
#283,0.25871091375868904,0
#2835,0.07964776843862884,0
#2837,0.31304081647264564,0
#284,0.23275620389126153,0
#2843,0.10823299776977674,0
#2847,0.12612079335731122,0
#2848,0.31220337935464376,0
#285,0.4455375249241445,0
#2850,0.13694473793845616,0
#2856,0.09125993467534003,0
#2859,0.12281201163934057,0
#286,0.12704860859769423,0
#2861,0.08808586626857967,0
#2863,0.284394643882109,0
#2864,0.078883598877865,0
#2866,0.07418100870096724,0
#2867,0.05472317808114339,0
#2868,0.17427335992839021,0
#287,0.39187128495658063,1
#2870,0.26471628106977896,0
#2879,0.17084493226700453,0
#288,0.14719252962190613,0
#2882,0.05348655678252266,0
#2885,0.12157627511715172,0
#2889,0.09807242910022945,0
#289,0.11608401273988748,0
#2891,0.21333697851645728,0
#2893,0.26424433799757335,0
#2894,0.30490377595317947,0
#2895,0.10996567272362552,0
#29,0.5271253372987789,0
#290,0.8029006239948907,1
#2909,0.10664144878985303,0
#291,0.21919886990644138,0
#2910,0.1106346719616933,0
#2911,0.08799033816451356,0
#2915,0.2919421329271596,0
#292,0.5375171945772651,1
#2922,0.2066705235194726,0
#2924,0.16334244996413044,0
#2925,0.10516593348210178,0
#2927,0.12196754684010408,0
#2929,0.21716049365235868,0
#293,0.7271885686147477,0
#2931,0.15146709429672156,0
#2932,0.18546939215709243,0
#2934,0.12454524514988313,0
#2935,0.22794529691296572,0
#2936,0.5225516461306161,0
#294,0.19165698385238006,0
#2942,0.13463369686071677,0
#2943,0.07627212063339342,0
#2944,0.0600595618186097,0
#2946,0.13219295785401702,0
#2947,0.13934227914005756,0
#2949,0.11762332290279655,0
#295,0.5078329935602142,0
#2956,0.16510591658836266,0
#2957,0.14094411052845793,0
#2958,0.17325451421013394,0
#296,0.6250809072016935,1
#2964,0.25618797555232625,0
#2965,0.14083113324286434,0
#2967,0.10826443010519014,0
#297,0.25404050088636543,0
#2970,0.46548203475804933,0
#2971,0.16781370890061675,0
#2972,0.07162822723163437,0
#2973,0.1457669313224296,0
#2976,0.10956916209920885,0
#2979,0.23849072386943884,0
#298,0.21369997634723378,0
#2981,0.13657737331314043,0
#2984,0.22365856911998347,0
#2987,0.2676792158615674,0
#2988,0.16044142220798321,0
#299,0.5137054308005352,1
#2993,0.18916669942533848,0
#2995,0.132771969462957,0
#2997,0.0760769262456769,0
#3,0.39847898267467974,0
#30,0.1183287830250248,0
#300,0.247676376034717,0
#3001,0.19899554562038754,0
#3003,0.07210056505552465,0
#3004,0.13404346930044989,0
#3006,0.1562015867781628,0
#301,0.8112488994213668,1
#3010,0.2910449965466853,0
#3012,0.21365016708268508,0
#3015,0.10403503179532768,0
#3016,0.09884113686195294,0
#302,0.2265049139585516,0
#3020,0.11067689018719225,0
#3026,0.12965858746031922,0
#3028,0.09390919796270912,0
#3029,0.08061172873766868,0
#303,0.10298795749549026,0
#3037,0.1514551002411659,0
#304,0.8028797435922733,0
#3042,0.1057294897570194,0
#3044,0.10894899923006637,0
#3045,0.20018614061451495,0
#3048,0.16959665072193297,0
#305,0.09742242132595165,0
#3056,0.09948129330233313,0
#3057,0.05831813263979816,0
#306,0.23930862851405338,0
#3061,0.16849165949385236,0
#3065,0.2724777847684792,0
#3069,0.5367314800438913,0
#307,0.7173176821295136,0
#3074,0.20849485609085186,0
#3075,0.1361861938641063,0
#3077,0.10538806563438087,0
#3078,0.13920318027132397,0
#308,0.08656216975413943,0
#3086,0.1599358168511141,0
#309,0.18809272628225007,0
#3096,0.20800132478324893,0
#3097,0.08371566124246801,0
#31,0.10824217308180295,0
#310,0.6128653507151144,1
#3100,0.15827323884923644,0
#3102,0.10352551082307963,0
#3106,0.09393522785722304,0
#3109,0.10431355808833045,0
#311,0.19860297313969863,0
#3110,0.272520535051673,0
#3116,0.3696103431968649,0
#3117,0.11547891449084416,0
#312,0.09193119261211756,0
#3120,0.18775912446148724,0
#3125,0.13088460817807288,0
#3126,0.16084548378719954,0
#3127,0.10568841576190763,0
#313,0.1515434934525964,0
#3131,0.09126368057086004,0
#3133,0.22737606940259486,0
#3134,0.1750220874618142,0
#314,0.1402039878032849,0
#3142,0.0928800923080861,0
#3146,0.16929628590892354,0
#315,0.320933121900575,0
#3154,0.27521718925255667,0
#316,0.1030810579438622,0
#3163,0.425259731174639,0
#3167,0.19344569240847864,0
#3169,0.15390991862408976,0
#317,0.589505925255084,1
#3171,0.07111238544728019,0
#3174,0.07485672914069948,0
#3179,0.12000824028195901,0
#318,0.1842562285379537,0
#3181,0.08530457623868631,0
#3182,0.09484428848136224,0
#319,0.11903267233424691,0
#3197,0.3889125050667981,0
#32,0.23848813595004587,0
#320,0.8019472758634147,1
#3200,0.074280654071302,0
#3205,0.11430342836011595,0
#321,0.560858335673511,0
#3212,0.13098817014685268,0
#3213,0.11369143523009044,0
#3215,0.06498160727086597,0
#3218,0.11316164296535025,0
#322,0.11865522577323252,0
#3223,0.12153092806161417,0
#3224,0.10579320137223372,0
#3226,0.37479204377381015,0
#3227,0.13576714272004398,0
#3228,0.5606109689239968,0
#323,0.10271467694547866,0
#3231,0.11077485528696548,0
#3235,0.11764197181508623,0
#3237,0.08209248082794536,0
#3239,0.09584304946071512,0
#324,0.9007552941936077,1
#3240,0.14673733338698142,0
#3242,0.09077560816203632,0
#3244,0.1858401985172439,0
#3245,0.09479099948906827,0
#3249,0.2532265194903798,0
#325,0.0866112671627608,0
#3252,0.09303382940970699,0
#326,0.22257172350528875,0
#3260,0.07756197856284083,0
#3264,0.13214851880810222,0
#3265,0.10888120200329014,0
#327,0.18951800333432284,0
#3271,0.18798181647886533,0
#3273,0.07963485559405864,0
#3277,0.08568243096705723,0
#328,0.3991517301257683,0
#3283,0.16264605160732226,0
#3287,0.1170651057802266,0
#329,0.1176786744736704,0
#3293,0.4242045768364107,0
#33,0.7038711615798394,1
#330,0.12943934939717075,0
#3304,0.16703062058938165,0
#3305,0.2164301040121752,0
#3306,0.08257821188093323,0
#331,0.6833269182842112,0
#3313,0.1419090995386173,0
#332,0.07657082207816106,0
#3320,0.07718518384437792,0
#3322,0.10828182357545552,0
#3324,0.10565897197031611,0
#333,0.7560277356057021,1
#3333,0.39489141748942425,0
#3334,0.09588085014433076,0
#3335,0.19649887797282475,0
#334,0.6579323651375449,1
#3345,0.130294660039033,0
#3346,0.08814128192457588,0
#3347,0.07454180424084673,0
#3349,0.11607154684080184,0
#335,0.13026129655615054,0
#3351,0.15635207057947162,0
#3355,0.08842120820837361,0
#3357,0.08336501157115839,0
#336,0.3058547992668228,0
#3360,0.08922840921734443,0
#3367,0.06428733313228649,0
#337,0.12322599637744884,0
#3373,0.17918902843601656,0
#338,0.44825353175107907,0
#3380,0.1223188970577713,0
#3381,0.08803383083979052,0
#3383,0.19250707829362632,0
#3385,0.13620866624519262,0
#339,0.6054738268836577,1
#3390,0.13602475323903623,0
#3392,0.29183246700676296,0
#3398,0.21531345770453628,0
#3399,0.2183664725324101,0
#34,0.2700729213056912,0
#340,0.5861751065499782,0
#3400,0.08591667010847656,0
#3405,0.20188049567199293,0
#3406,0.09065100348865515,0
#341,0.8825632158667014,1
#3410,0.09683859056960811,0
#3411,0.07795011361733274,0
#3412,0.08383827494516459,0
#3414,0.12279662150153788,0
#342,0.2059112416261797,0
#3423,0.10378639073759531,0
#3425,0.059601536242097505,0
#3426,0.1600637901860614,0
#343,0.7661345476913926,0
#3430,0.08015143978802708,0
#3433,0.30839748864714095,0
#344,0.22298532782925282,0
#3442,0.1607268235775658,0
#3446,0.12890629000912687,0
#3447,0.08965938041539097,0
#3449,0.21329208395356863,1
#345,0.6478374282341747,1
#3450,0.12960671666669574,0
#3454,0.13540318312224758,0
#3456,0.2161454129340504,0
#346,0.6768212248254972,0
#3460,0.06263926007103396,0
#3461,0.11569613262335189,0
#3465,0.21212645736525723,1
#347,0.11973417951981925,0
#3472,0.13232828939066507,0
#3476,0.16379593466227793,0
#348,0.08437089317298811,0
#3488,0.08276672142866827,0
#349,0.30022599976860004,0
#3490,0.2127757017232212,0
#3494,0.10830900107018322,0
#3496,0.1273276168699923,0
#35,0.3734907256777223,0
#350,0.19671079518399026,0
#3502,0.19964182413565712,0
#3508,0.09910182538623587,0
#351,0.20815516061229686,0
#3510,0.14912326163228387,0
#3511,0.2804615630644838,0
#3513,0.12681195459923167,0
#3517,0.12525552237975304,0
#3518,0.07393813580457642,0
#352,0.25021078438484273,0
#3520,0.19075801387132704,0
#3521,0.09456207046274072,0
#3524,0.24876129760267118,0
#3525,0.09296872283104197,0
#3526,0.40068500221200076,0
#353,0.17506368826748098,0
#3532,0.0733685341395477,0
#3533,0.20499696940804904,0
#354,0.38206042093545417,0
#3543,0.07353041007145258,0
#3547,0.07951197980812766,0
#3548,0.10547731677230239,0
#3549,0.10476660085802174,0
#355,0.4949906899421435,0
#3556,0.6936682813393078,0
#356,0.3025996750649526,0
#3568,0.237283092063195,0
#357,0.8909693399999861,1
#358,0.183098737513785,0
#3581,0.125005454239233,0
#3583,0.19900998800733197,0
#3586,0.22748241499306812,0
#359,0.1909660615613314,0
#3591,0.20940076637382773,0
#3593,0.1327372280508472,0
#3594,0.14533274075927446,0
#3596,0.1045656078620232,0
#36,0.12006084872557092,0
#360,0.10096637000579067,0
#3600,0.18167223434537383,0
#3604,0.059455282375256976,0
#361,0.3587005477828378,0
#3610,0.17061650991719088,0
#3612,0.1999702324079003,0
#3615,0.13685439106035222,0
#3617,0.2228409701930593,0
#3619,0.17467026377665973,0
#362,0.10221288625963602,0
#3621,0.0971807984520909,0
#3623,0.08731915260809618,0
#3624,0.0619606037931863,0
#3625,0.09161773897233139,0
#363,0.13549810976967192,0
#3632,0.08273200600456003,0
#364,0.25791924168840774,0
#365,0.10110302420911856,0
#3658,0.28976717398357427,0
#366,0.7389762438598424,1
#3660,0.1424276188309047,0
#3661,0.14164625578423953,0
#3663,0.13378642294214205,0
#3667,0.09389456621466644,0
#3668,0.15780077544542548,0
#3669,0.06587864355540442,0
#367,0.27046970548691945,0
#3670,0.11401956901669832,0
#3671,0.17329662335182397,0
#3673,0.13276637765377083,0
#3676,0.08636770502140902,0
#368,0.15352465431796064,0
#3680,0.16316380236820674,0
#3686,0.1469283863948529,0
#369,0.2707506940577172,0
#37,0.08851812950589359,0
#370,0.15962168783930086,0
#3703,0.08740228900030546,0
#371,0.24235414790182033,0
#3711,0.10936638440837591,0
#3712,0.05690827273414756,0
#372,0.11232665601368398,0
#3723,0.08068150336312532,0
#3729,0.06127593017873853,0
#373,0.09943682737924592,0
#3730,0.1249731571240029,0
#3738,0.10218151768233054,0
#3739,0.17403517272913413,0
#374,0.3812719984976332,0
#3748,0.13959191286246253,0
#375,0.7624184037523838,1
#3750,0.10410666273825786,0
#3752,0.16995590032066082,0
#3754,0.11561358597559707,0
#3755,0.2189742850659144,0
#376,0.6433829484438278,0
#3762,0.07912591999934829,0
#3763,0.12777605170227346,0
#377,0.13204253009027442,0
#3775,0.29556127479417316,0
#3779,0.327188152885518,0
#378,0.7560089967051618,1
#3780,0.12054946027473801,0
#379,0.14869483909636716,0
#3793,0.14674264104362456,0
#38,0.20788695513872157,0
#380,0.15943341067213337,0
#3801,0.10877961839609948,0
#3802,0.07596352972831391,0
#3807,0.0690982514205894,0
#381,0.26689557421415433,0
#3810,0.0838741842168648,0
#3814,0.7016596849606338,0
#3822,0.08584975198808492,0
#3825,0.07403308302556891,0
#3827,0.07906782915454676,0
#3829,0.13975110709132701,0
#383,0.09270689529781248,0
#3831,0.08466858444347457,0
#3839,0.10409184212306702,0
#384,0.08921359298283409,0
#3840,0.38104924805877627,0
#3846,0.1652384555430122,0
#385,0.3286362829459747,0
#3855,0.13049366103318405,0
#3856,0.0825734839265643,0
#386,0.5180655897177852,0
#3868,0.10812770815547058,0
#387,0.29806091663500456,0
#3870,0.2616759475171675,0
#3874,0.5941872326446783,0
#3875,0.0632804667210902,0
#3877,0.12617905885040223,0
#388,0.3292297160453327,0
#3883,0.19186099857024091,0
#3884,0.09573276772474489,0
#3888,0.2738976096543469,0
#389,0.13030297539086505,0
#3890,0.09605538397016018,0
#3892,0.11329610917375668,0
#3897,0.4715890056720071,0
#39,0.6253903450079416,0
#390,0.3757530818397113,0
#3900,0.20518094964968897,0
#391,0.6430077482996494,0
#392,0.3769793531612457,0
#3925,0.22352216074387038,0
#3927,0.14499328975523526,0
#3929,0.16213115783302137,0
#393,0.15261456267487764,0
#3936,0.10862371655050171,0
#394,0.25778979495609866,0
#3942,0.13662741086857744,0
#3949,0.14612719584688774,0
#395,0.7957610088195747,1
#3952,0.1002727102189028,0
#396,0.16819350165257282,0
#3962,0.2906040172863572,0
#3964,0.15770560365162242,0
#397,0.43195012801339006,0
#398,0.12290853201763048,0
#3981,0.248427545404062,0
#3985,0.13054019982366882,0
#399,0.70644376820584,1
#3994,0.3371089714978312,0
#4,0.16011102615231737,0
#40,0.6253903450079416,0
#400,0.11417792682741887,0
#4003,0.10390669486398985,0
#401,0.0955774044635709,0
#4010,0.2663210659266146,0
#4011,0.08014576091333578,0
#4013,0.09823495124093647,0
#4015,0.0861468888823299,0
#402,0.14351870218681864,0
#4021,0.17282338165518144,0
#4027,0.12877772600066315,0
#403,0.34891741725896225,1
#4031,0.11545470216414205,0
#404,0.2354386315937848,0
#4044,0.156340281453013,0
#405,0.3043250234816872,1
#4054,0.36157801837566544,0
#4055,0.07548693345953374,0
#4058,0.09705256421422703,0
#406,0.21532796542596036,0
#4061,0.12313715545917817,0
#4062,0.15780077544542548,0
#4069,0.1697824660437501,0
#407,0.15942241486545086,0
#4071,0.19720933332651616,0
#4073,0.23957520888455258,0
#4078,0.11007484659488276,0
#408,0.11340608055769333,0
#4081,0.1629558080328594,0
#4084,0.07286633695126221,0
#4085,0.11545905936988556,0
#4089,0.12488055300583643,0
#409,0.14062934518014247,0
#4095,0.08915260249803242,0
#4097,0.2139151509845763,0
#41,0.3161503327949668,0
#410,0.1478893996434018,0
#4101,0.14196855540774037,0
#4105,0.23451588199590753,0
#411,0.11134745104661979,0
#4112,0.2731493794571589,0
#412,0.7832452174626449,1
#4121,0.08291597020139117,0
#4126,0.13276717731791443,0
#4129,0.15646656269861886,0
#413,0.1322409156533003,0
#4132,0.0851406103003197,0
#4133,0.13404006327060186,0
#4137,0.12786051413389424,0
#414,0.3718419675544816,0
#4140,0.21534091065443067,0
#4141,0.21648867723072304,0
#415,0.40250493229126405,0
#4152,0.07006402274001465,0
#416,0.8375978159885773,1
#4160,0.1045838965117632,0
#4165,0.15389435025628206,0
#4168,0.13457889712842674,0
#417,0.322728513967696,0
#4171,0.11191700344112383,0
#4174,0.21806065169733624,0
#418,0.44547196849639936,1
#4184,0.13185782156245912,0
#419,0.25250590004144685,0
#4190,0.11862280549060078,0
#42,0.1796998736286335,0
#420,0.1377421356690066,0
#4202,0.4568541306659802,0
#421,0.2585614536180526,0
#4212,0.3631787977842852,0
#4217,0.1980682994674511,0
#4219,0.13073269494843923,0
#4222,0.14103680595975956,0
#4227,0.0977340763516367,0
#423,0.5935978454815686,1
#4230,0.06824430984777766,0
#424,0.3387667796719878,0
#425,0.3444801118919966,0
#4252,0.08159243432072019,0
#4253,0.13536275580398327,0
#4254,0.22395630063168423,0
#4255,0.6341864273033763,0
#4256,0.06243845734710519,0
#4257,0.17273869855449878,0
#426,0.1973801385532631,0
#4260,0.10134149627669085,0
#4266,0.0940351037669651,0
#4267,0.5965606156935219,0
#4268,0.1679243158997021,0
#4269,0.12548078883904068,0
#427,0.5182122758159716,1
#428,0.16307959085709509,0
#4281,0.10191881501432211,0
#4287,0.2547494908936134,0
#429,0.18012219491523784,0
#4291,0.24652291928674913,0
#4292,0.09531526887405714,0
#4295,0.14755929644029805,0
#4296,0.10501181397074226,0
#43,0.8970606334193615,1
#430,0.5613667412709735,1
#431,0.2520472468661485,0
#4313,0.11774914383930844,0
#4319,0.18085369448165312,0
#432,0.13505333936588884,0
#4324,0.2848082663385933,0
#433,0.13487465506109866,0
#4330,0.1526378871734793,0
#4331,0.1531176889003521,0
#4333,0.13989685809113464,0
#4334,0.12812190436628038,0
#4338,0.0979996029311058,0
#434,0.5936106149673616,1
#4341,0.21083409146653248,0
#4343,0.07862150060867239,0
#435,0.09618883806911262,0
#4350,0.6104087049825517,0
#4354,0.1507546773511838,0
#4355,0.08979271783255398,0
#4358,0.1405041552440359,0
#436,0.44892546731919475,0
#4362,0.14712733389440438,0
#4364,0.5572591307793047,0
#437,0.18686467580877286,0
#4371,0.36814998857086834,0
#4374,0.11444391549477495,0
#4375,0.47823263022645845,0
#438,0.09619801968053002,0
#4380,0.11568966778540266,0
#4387,0.18316848775703204,0
#439,0.8060225245639092,0
#4390,0.2133891278503329,0
#4392,0.1419727392467042,0
#4399,0.10010357899092616,0
#44,0.10614001450139655,0
#440,0.14556626948818074,0
#4403,0.1649442771960141,0
#4409,0.07602356696551064,0
#441,0.8401162974318336,1
#4415,0.1306658404699646,0
#442,0.13586454050226127,0
#4420,0.09066500504828293,0
#4422,0.1354133108961108,0
#4424,0.10608105460883274,0
#4429,0.3141686084491122,0
#443,0.6834764431824929,1
#4436,0.15469744894246557,0
#444,0.29693017870147326,1
#4442,0.5118921806440327,0
#4444,0.15730233944728406,0
#445,0.612410435895224,0
#4455,0.5288482310691002,0
#4457,0.17798313107613495,0
#446,0.09490580428310927,0
#4463,0.32751835014812264,0
#4464,0.10784125570071396,0
#447,0.1008828083907044,0
#4471,0.17430521409098573,0
#4472,0.10847093880270234,0
#4475,0.12182566019203618,0
#4476,0.07950431611304128,0
#4479,0.46701721155953707,0
#448,0.17625476539637405,0
#4480,0.09690083099249837,0
#4487,0.1726172516216718,0
#449,0.1618750856042709,0
#4491,0.08588746778247046,0
#4493,0.12751529513502854,0
#4494,0.1156495808935393,0
#45,0.34320942909374164,0
#450,0.3930343039185942,0
#4502,0.2275909307456446,0
#4507,0.13883368392938486,0
#451,0.17926702616379295,0
#452,0.1383417571110354,0
#4522,0.15520590885750454,0
#4524,0.10091178569083063,0
#4526,0.10266756199184253,0
#4527,0.10603258074230217,0
#453,0.19399022046921796,0
#454,0.0915748464509075,0
#455,0.19046707882295077,0
#456,0.6691235352794642,1
#457,0.15053594163102108,0
#458,0.2525738913761186,0
#459,0.12288933511456797,0
#46,0.1660192907234475,0
#460,0.5471815003433949,1
#461,0.16719615937325252,0
#462,0.14401762645652164,0
#463,0.6302278470916562,0
#464,0.28424330579007223,0
#465,0.33859924695891463,0
#466,0.46401506397662295,1
#467,0.08877160030888077,0
#468,0.1858190682257225,0
#469,0.6900162851068927,0
#47,0.2822131691533532,0
#470,0.7568531464471341,1
#471,0.3896970694210584,0
#472,0.1306056847696741,0
#473,0.4926944036214064,1
#474,0.6348805481270555,0
#475,0.16009295868084217,0
#476,0.08991596312457334,0
#477,0.24344398067778528,0
#478,0.8262804886895437,1
#479,0.0848136043364994,0
#48,0.43992624392737967,0
#480,0.08325843650841015,0
#481,0.06928923942387381,0
#482,0.5631580513298348,1
#483,0.37282050646565046,1
#484,0.1587755040763373,0
#485,0.13735504879936525,0
#486,0.422947145511865,1
#487,0.2176386062152462,1
#488,0.2418664361650366,1
#489,0.18705394738963876,0
#49,0.2225759482151698,0
#490,0.16654931095920958,0
#491,0.44244642372648313,0
#492,0.1949355038911886,0
#493,0.294356267120611,0
#494,0.09574773381514058,0
#495,0.8680553987128218,1
#496,0.5797799959672301,1
#497,0.1137296797561037,0
#498,0.1910781274478048,0
#499,0.3250495083199612,0
#5,0.8002026514120945,0
#50,0.32665154980154787,0
#500,0.09447836897426,0
#501,0.0792392744228252,0
#502,0.5721283344128696,0
#503,0.09272402837811887,0
#504,0.19911751450564621,0
#505,0.09002298948363048,0
#506,0.13971663190980024,0
#507,0.07865327923860989,0
#508,0.08536112506456868,0
#509,0.09368303655554946,0
#51,0.5071173377348738,1
#510,0.12237340078739857,0
#511,0.4089722606031192,0
#512,0.27030914397696526,0
#513,0.12672661790901457,0
#514,0.19093651531399305,0
#515,0.10576086790549734,0
#516,0.12906458730007883,0
#517,0.06436202778622796,0
#518,0.1283849460100401,0
#519,0.10004148530641348,0
#52,0.5629081238879448,1
#520,0.1484539883921646,0
#521,0.1275105605739035,0
#522,0.07683329154053709,0
#523,0.33219385428963344,0
#524,0.04880603188729593,0
#525,0.16225881315004964,0
#526,0.17507459037276704,0
#527,0.15494817003709876,0
#528,0.2692525560786621,0
#529,0.11616835136659591,0
#53,0.26851677092610143,0
#530,0.41613968221296666,0
#531,0.21384031218542376,0
#532,0.13474381683548678,0
#533,0.16959180655999714,0
#534,0.12309887215891545,0
#535,0.17358993541474335,0
#536,0.22577665426157664,0
#537,0.09054672911920027,0
#538,0.08683798210917153,0
#539,0.12793402155807546,0
#54,0.11415932038056442,0
#540,0.1820074934217159,0
#541,0.13111489329539505,0
#542,0.14529174944676057,0
#543,0.10301738360483181,0
#544,0.1458008112795506,0
#545,0.08321970823095358,0
#546,0.1797453558843348,0
#547,0.09815713384813614,0
#548,0.13163132042569328,0
#549,0.21084074454922838,0
#55,0.14365199800388762,0
#550,0.1006123189429366,0
#551,0.424457526389985,0
#552,0.09773281778450117,0
#553,0.3165096657925574,0
#554,0.335294059410693,0
#555,0.10934350827337386,0
#556,0.10687519492321616,0
#557,0.06835929409007951,0
#558,0.15691962617889876,0
#559,0.08278424115547615,0
#56,0.17544530711697923,0
#560,0.1199912767841359,0
#561,0.13097513315971773,0
#562,0.30740310983534874,0
#563,0.11969611559266212,0
#564,0.27174256358639703,0
#565,0.7099695514401112,1
#566,0.17998384977447932,0
#567,0.4038868531747665,0
#568,0.4326034667072572,1
#569,0.21611214087920863,0
#57,0.4592613854868186,1
#570,0.11114297989215753,0
#571,0.6161952494601062,0
#572,0.19750273248368544,0
#573,0.5937918092186766,0
#574,0.22818100240396375,0
#575,0.12376051479767264,0
#576,0.2135784279134835,0
#577,0.3014873372384468,0
#578,0.0831216873097145,0
#579,0.12122306670285783,0
#58,0.2674246150667815,0
#580,0.5199986645250417,0
#581,0.46703965843725925,0
#582,0.08081373241971097,0
#583,0.34191443880381894,0
#584,0.1316719198805389,0
#585,0.3185298668398998,0
#586,0.0834809065914509,0
#587,0.10591705497148705,0
#588,0.09080736825443032,0
#589,0.4250784646857937,0
#59,0.1388609911472744,0
#590,0.10744394849758312,0
#591,0.1253680260059633,0
#592,0.3595035099793928,0
#593,0.2839621420066445,0
#594,0.15751910754108664,0
#595,0.15657105936725182,0
#596,0.06436483004816777,0
#597,0.22741404106253607,0
#598,0.14104228033867772,0
#599,0.09221459487202896,0
#6,0.7716059028246023,0
#60,0.20076537342049794,0
#600,0.2378246778717793,0
#602,0.6725245011862545,0
#603,0.20671015188182346,0
#604,0.16989710055927254,0
#605,0.1294457042630192,0
#606,0.6466669660986448,1
#607,0.2815834190123423,0
#608,0.16432855410577138,0
#609,0.12212096022122908,0
#61,0.1719710137096984,0
#610,0.108155350183388,0
#611,0.3863003181706754,0
#612,0.11220038788657699,0
#613,0.26225277054835006,0
#614,0.5748383675884895,1
#615,0.10085010975545589,0
#616,0.2769348782737016,0
#617,0.10832561277161708,0
#618,0.33028450012511285,0
#619,0.133751298570501,0
#62,0.10382037546948064,0
#620,0.2995667310889298,1
#621,0.1414175185202631,0
#622,0.3393390305505353,0
#623,0.09019781889587368,0
#624,0.36297831070897435,0
#625,0.338525866874089,0
#626,0.24221523981785784,0
#627,0.44808921191869594,1
#628,0.11957226530636576,0
#629,0.11361511843207198,0
#63,0.7367473902716569,1
#630,0.6990160847156992,0
#631,0.08137183563505435,0
#632,0.4146685549606601,0
#633,0.09634545343183062,0
#634,0.0681687366353974,0
#635,0.06293305884298539,0
#636,0.1329798856283188,0
#637,0.19785009648790544,0
#638,0.15901927824036152,0
#639,0.1637951282530118,0
#64,0.6877995791892632,1
#640,0.08150403818390038,0
#641,0.13696597167307742,0
#642,0.10205817170545543,0
#643,0.689999568423179,1
#644,0.15282733151895367,0
#645,0.1377751709267854,0
#646,0.05718168969064004,0
#647,0.10372288936290358,0
#648,0.09625662252267532,0
#649,0.3215315205140873,0
#65,0.4379143249671395,0
#650,0.053198389792970625,0
#651,0.12551125336016658,0
#652,0.08818416811766035,0
#653,0.13301512683558633,0
#654,0.26484270366203105,0
#655,0.22005104113394175,0
#656,0.10708585892675422,0
#657,0.12782169385885728,0
#658,0.0823259005767813,0
#659,0.13035275467134674,0
#66,0.33047180375662377,0
#660,0.057366165974963364,0
#661,0.13660102083516784,0
#662,0.06812465028081105,0
#663,0.1633559990541517,0
#664,0.1379423782289096,0
#665,0.12806569602276247,0
#666,0.16494269061137762,0
#667,0.27131802182088194,0
#668,0.19771245410011215,0
#669,0.09338381262533679,0
#67,0.7199268110648681,1
#670,0.14012137234559788,0
#671,0.06412472920461475,0
#672,0.09067175085612582,0
#673,0.08296093646680816,0
#674,0.14196047613119492,0
#675,0.0867441473634462,0
#676,0.3560675548849708,0
#677,0.0852887555216169,0
#678,0.10897440055184016,0
#679,0.14928181607353355,0
#68,0.31321564515673406,0
#680,0.06182766477743336,0
#681,0.09724069341437225,0
#682,0.13554107141211894,0
#683,0.13333869623383665,0
#684,0.17630057089652257,0
#685,0.18545060496662213,0
#686,0.10188146570363701,0
#687,0.20504454093206953,0
#688,0.18932932925321597,0
#689,0.11915106877756305,0
#69,0.21288475726149467,0
#690,0.1620441668807897,0
#691,0.07667487844925866,0
#692,0.09732377778933735,0
#693,0.16391257526180603,0
#694,0.22302300040439188,0
#695,0.09317754830600385,0
#696,0.13824093621202033,0
#697,0.15070706047386648,0
#698,0.15661913676468664,0
#699,0.6479181252523711,0
#7,0.1948590376397413,0
#70,0.17475994122839825,0
#700,0.17012753545255527,0
#701,0.1601752911755653,0
#702,0.14924480298878148,0
#703,0.10587328604380498,0
#704,0.29393048936947375,0
#705,0.09172157977722042,0
#706,0.05100936533203725,0
#707,0.13390386512563981,0
#708,0.0799929939097921,0
#709,0.14542358567006758,0
#71,0.11824870046573827,0
#710,0.2807508755592992,0
#711,0.07006823100929073,0
#712,0.21657369096827672,0
#713,0.19246567752563098,0
#714,0.12250649021380657,0
#715,0.1380384624779488,0
#716,0.19917642808122754,0
#717,0.22446302730550882,0
#718,0.14745063461445132,0
#719,0.23653093217354706,0
#72,0.1224200020702607,0
#720,0.17987347878819346,0
#721,0.12556891219627198,0
#722,0.18958359165313535,0
#723,0.1734882346757212,0
#724,0.07766928652850079,0
#725,0.17350810229349234,0
#726,0.17755282850834203,0
#727,0.1452898457809495,0
#728,0.22691690635903264,0
#729,0.1382261362186955,0
#73,0.35561186889286994,0
#730,0.32543215030521394,0
#731,0.20526319513664645,0
#732,0.22285060924016936,0
#733,0.18924157826227148,0
#734,0.12539315922955951,0
#735,0.1810618254071426,0
#736,0.16872186067742692,0
#737,0.09572319090829202,0
#738,0.09580348663063906,0
#739,0.11497544527954319,0
#74,0.12685657032917108,0
#740,0.2847051414775277,0
#741,0.10157835473753885,0
#742,0.17528878480799664,0
#743,0.13757164047331213,0
#744,0.09273387647029098,0
#745,0.19409992157567693,0
#746,0.11287572140296699,0
#747,0.14542613273298094,0
#748,0.1753831546472953,0
#749,0.20356697679068753,0
#75,0.4344922567518672,0
#750,0.09174962294700881,0
#751,0.1371560477832897,0
#752,0.07668735956025455,0
#753,0.11228999962220082,0
#754,0.34874744244247013,0
#755,0.09742444418161393,0
#756,0.08651962574566263,0
#757,0.1848605016584948,0
#758,0.1290713618111472,0
#759,0.1329388307184477,0
#76,0.09775519574050613,0
#760,0.2401591155479595,0
#761,0.14054818163959293,0
#762,0.2006883420414908,0
#763,0.09303323961713256,0
#764,0.27360250269467684,0
#765,0.11113365229720681,0
#766,0.11362028964672541,0
#767,0.07332751116859867,0
#768,0.07187983336874598,0
#769,0.17031828859365147,0
#77,0.6725815895961678,1
#770,0.12386344508273846,0
#771,0.11127606047769693,0
#772,0.18413671569621468,0
#773,0.19152990034922235,0
#774,0.1102235519213095,0
#775,0.10509995532783002,0
#776,0.11488951313158063,0
#777,0.08834948761862749,0
#778,0.09928684722517515,0
#779,0.11851160186275661,0
#78,0.15708628355295343,0
#780,0.07047519804909191,0
#781,0.1844647280202767,0
#782,0.09014838095740008,0
#783,0.0853508569366809,0
#784,0.1269489146691681,0
#785,0.16447506269229537,0
#786,0.06963437201643516,0
#787,0.1596689626283996,0
#788,0.1786862169973808,0
#789,0.11309843872371804,0
#79,0.15177393146482393,0
#790,0.132966878730068,0
#791,0.07884436646802483,0
#792,0.10312384954467133,0
#793,0.07264399326426865,0
#794,0.09118356442314085,0
#795,0.21780396505278166,0
#796,0.1298837975460287,0
#797,0.07393311647528916,0
#798,0.12082597923857887,0
#799,0.3482613774018572,0
#80,0.4778274816718186,1
#800,0.2721903308061952,0
#801,0.09242240494605829,0
#802,0.05887417358826005,0
#803,0.08142069629820924,0
#804,0.0731689131274567,0
#805,0.13762421522473123,0
#806,0.07088115260083136,0
#807,0.09594744888880422,0
#808,0.15744305049233565,0
#809,0.319858452864243,0
#81,0.1135199103954362,0
#810,0.0928023501959118,0
#811,0.1377034594990884,0
#812,0.07795829706942344,0
#813,0.08616882043055725,0
#814,0.17756700344008228,0
#815,0.1917095321515727,0
#816,0.22817576803066744,0
#817,0.11445190845341933,0
#818,0.17791190691172162,0
#819,0.07240520449506459,0
#82,0.1446323008281564,0
#820,0.08360434006301565,0
#821,0.1678154246478954,0
#822,0.09498572001369149,0
#823,0.0937997630669536,0
#824,0.15136660375284824,0
#825,0.0897412090961216,0
#826,0.12328060033526486,0
#827,0.08078951282779061,0
#828,0.12999505235406006,0
#829,0.09581637581253788,0
#83,0.11668997523361088,0
#830,0.10434778059469088,0
#831,0.3013178312753728,0
#832,0.08486817614469827,0
#833,0.1016453932684532,0
#834,0.0778461767395608,0
#835,0.07896285522885961,0
#836,0.10593916153690719,0
#837,0.08949297395861924,0
#838,0.12725194645333937,0
#839,0.07240246368022711,0
#84,0.47466667984709965,0
#840,0.08702706439927452,0
#841,0.09435812425129726,0
#842,0.274431165999728,0
#843,0.06648165859016274,0
#844,0.15030576501234677,0
#845,0.11924209931764383,0
#846,0.1088739760564485,0
#847,0.1263776594580141,0
#848,0.08027778022346004,0
#849,0.10369518136516352,0
#85,0.2586316440605045,0
#850,0.10995559813958647,0
#851,0.08081246232221487,0
#852,0.08126431251490616,0
#853,0.13817808219313413,0
#854,0.07907545297201037,0
#855,0.12366953673614685,0
#856,0.11447017574952194,0
#857,0.10999972854845944,0
#858,0.11651991852548603,0
#859,0.11483259884452854,0
#86,0.3705262166088183,0
#860,0.2392583406513421,0
#861,0.05906525294462029,0
#862,0.12788733317383108,0
#863,0.09364937094355459,0
#864,0.12983415399017378,0
#865,0.09960005911731047,0
#866,0.07373742590235151,0
#867,0.10798856435297598,0
#868,0.07378656712905245,0
#869,0.14754169136825737,0
#87,0.6152264876622762,1
#870,0.11092773867196437,0
#871,0.1920309773629661,0
#872,0.08386021118519033,0
#873,0.13215335797982639,0
#874,0.09214788428163542,0
#875,0.04540854142876171,0
#876,0.11604184122403517,0
#877,0.09550763762854518,0
#878,0.07531928632131961,0
#879,0.2734449162044161,0
#88,0.1485682353559477,0
#880,0.06695250836694454,0
#881,0.1469440994892992,0
#882,0.0888050651406285,0
#883,0.14454814754422593,0
#884,0.10905029275196133,0
#885,0.0711730660878952,0
#886,0.10363352027956993,0
#887,0.1458280317577007,0
#888,0.07784245696106079,0
#889,0.08442513030387845,0
#89,0.1280485868988157,0
#890,0.16179087503988174,0
#891,0.06844253359395079,0
#892,0.06449202714276647,0
#893,0.11795699017647958,0
#894,0.07674340741317132,0
#895,0.11713365412576242,0
#896,0.09172019536114973,0
#897,0.1212188519792321,0
#898,0.09483789740270264,0
#899,0.11881732079713934,0
#9,0.10574281596286629,0
#90,0.16657660846714567,0
#900,0.32022282427096477,0
#902,0.12381862542381339,0
#903,0.12717363701308873,0
#904,0.4486552076410408,0
#906,0.13701002688763717,0
#907,0.13783396219431504,0
#908,0.18090420426858597,0
#909,0.1606756765196646,0
#91,0.10391060829039872,0
#910,0.16023790208835667,0
#911,0.1611383995532602,0
#912,0.10880237135867146,0
#913,0.11897012643751817,0
#914,0.2018349789710609,0
#915,0.17359020495557798,0
#916,0.19619142064116804,0
#918,0.17019131124925463,0
#919,0.13679523935438923,0
#92,0.8222823018958186,1
#920,0.07236991617957698,0
#921,0.31227846218741256,0
#922,0.18679340453414156,0
#923,0.2827016023831464,0
#925,0.19977295501119352,0
#927,0.1380063460876401,0
#928,0.11501454115496881,0
#929,0.07555513446550635,0
#93,0.10370728030504592,0
#930,0.11819078870439266,0
#931,0.11509639857358393,0
#932,0.12008807892549593,0
#933,0.14608476347350413,0
#934,0.09736391711938817,0
#935,0.08003895397555398,0
#936,0.07723104772320888,0
#937,0.18987823492425515,0
#938,0.12043229604585652,0
#939,0.09709519084739425,0
#94,0.33399611850668937,0
#940,0.12919417573733924,0
#941,0.1533241784873813,0
#942,0.16611598311910164,0
#943,0.0922552851995602,0
#944,0.14311586649751454,0
#945,0.07891381819071028,0
#946,0.22223741827592214,0
#947,0.19596346835729134,0
#948,0.2007625011925967,0
#95,0.12328163807969006,0
#950,0.05685311389598546,0
#951,0.0666365116695221,0
#952,0.08994740808062461,0
#953,0.1108123617461543,0
#954,0.14144208571927014,0
#955,0.06726269713567878,0
#956,0.1968484038458053,0
#957,0.14164851280895466,0
#958,0.09562543989566598,0
#959,0.0642954134229171,0
#96,0.08306655132772048,0
#960,0.18600478440410997,0
#961,0.09841770325731973,0
#962,0.11615203360723746,0
#963,0.08570955730426065,0
#964,0.39939512099164365,0
#965,0.13208772581774775,0
#966,0.14372392144289403,0
#967,0.13989529241983234,0
#968,0.07275862002794677,0
#969,0.09363449756574752,0
#97,0.4030226572961668,0
#970,0.15306297593450263,0
#971,0.06496994013620098,0
#972,0.12349470018222322,0
#973,0.1020184523866305,0
#974,0.08371226289811241,0
#975,0.19344709600729412,0
#976,0.14154818532590935,0
#977,0.1387658399494218,0
#978,0.07002632289589429,0
#979,0.11523824832280494,0
#98,0.6668824385453789,1
#980,0.13658616971551435,0
#981,0.11502569849544661,0
#982,0.1040850376050565,0
#983,0.06680067198901184,0
#984,0.11609554597818392,0
#985,0.21408704476333823,0
#986,0.2226687267558475,0
#987,0.15689729109475575,0
#988,0.14402875261565745,0
#989,0.12456872280792791,0
#99,0.592920919202435,0
#990,0.09563657565817202,0
#991,0.09038969566654417,0
#992,0.37272140583773433,0
#993,0.13671431563351283,0
#994,0.0890794425415384,0
#995,0.1984751713076324,0
#996,0.2164364297450469,0
#997,0.12352291793514052,0
#998,0.2199954603354598,0
#999,0.08242586198211131,0
